t_emb (ms),Isemb (a.u.),Vp2p (V),f (kHz),q (slm),x_pos (mm),y_pos (mm),dsep (mm),T_emb (K),P_emb (W),Pset (W),duty (%),V_emb (kV),I_emb (mA)
7.580000000000000000e+02,4.300000000000000000e+01,0.000000000000000000e+00,2.000000000000000000e+01,0.000000000000000000e+00,0.000000000000000000e+00,0.000000000000000000e+00,4.000000000000000000e+00,1.037549999999999955e+03,1.400000000000000133e-01,0.000000000000000000e+00,1.000013000000000005e+02,1.000000000000000056e-01,1.429999999999999938e+00
2.971000000000000000e+03,5.400000000000000000e+01,1.000000000000000000e+01,2.000000000000000000e+01,1.000000000000000000e+00,0.000000000000000000e+00,0.000000000000000000e+00,4.000000000000000000e+00,1.037549999999999955e+03,2.700000000000000178e+00,3.000000000000000000e+00,1.000013000000000005e+02,1.709999999999999964e+00,1.570000000000000062e+00
3.995000000000000000e+03,5.400000000000000000e+01,1.000000000000000000e+01,2.000000000000000000e+01,1.000000000000000000e+00,0.000000000000000000e+00,0.000000000000000000e+00,4.000000000000000000e+00,1.037549999999999955e+03,2.709999999999999964e+00,3.000000000000000000e+00,1.000014000000000038e+02,1.709999999999999964e+00,1.590000000000000080e+00
4.999000000000000000e+03,5.600000000000000000e+01,1.000000000000000000e+01,2.000000000000000000e+01,1.000000000000000000e+00,0.000000000000000000e+00,0.000000000000000000e+00,4.000000000000000000e+00,1.037549999999999955e+03,2.700000000000000178e+00,3.000000000000000000e+00,1.000013000000000005e+02,1.709999999999999964e+00,1.580000000000000071e+00
6.001000000000000000e+03,5.500000000000000000e+01,1.000000000000000000e+01,2.000000000000000000e+01,1.000000000000000000e+00,0.000000000000000000e+00,0.000000000000000000e+00,4.000000000000000000e+00,1.037549999999999955e+03,2.720000000000000195e+00,3.000000000000000000e+00,1.000014000000000038e+02,1.709999999999999964e+00,1.590000000000000080e+00
