t_emb (ms),Isemb (a.u.),Vp2p (V),f (kHz),q (slm),x_pos (mm),y_pos (mm),dsep (mm),T_emb (K),P_emb (W),Pset (W),duty (%),V_emb (kV),I_emb (mA)
1.065000000000000000e+03,4.200000000000000000e+01,2.999999999999999889e-02,2.000000000000000000e+01,0.000000000000000000e+00,0.000000000000000000e+00,0.000000000000000000e+00,4.000000000000000000e+00,1.037549999999999955e+03,5.000000000000000278e-02,0.000000000000000000e+00,1.000011899999999940e+02,4.000000000000000083e-02,1.419999999999999929e+00
3.977000000000000000e+03,5.400000000000000000e+01,1.000000000000000000e+01,2.000000000000000000e+01,4.000000000000000000e+00,0.000000000000000000e+00,0.000000000000000000e+00,4.000000000000000000e+00,1.037549999999999955e+03,2.629999999999999893e+00,4.000000000000000000e+00,1.000012100000000004e+02,1.679999999999999938e+00,1.560000000000000053e+00
5.012000000000000000e+03,5.400000000000000000e+01,1.000000000000000000e+01,2.000000000000000000e+01,4.000000000000000000e+00,0.000000000000000000e+00,0.000000000000000000e+00,4.000000000000000000e+00,1.037549999999999955e+03,2.649999999999999911e+00,4.000000000000000000e+00,1.000012100000000004e+02,1.679999999999999938e+00,1.580000000000000071e+00
6.000000000000000000e+03,5.400000000000000000e+01,1.000000000000000000e+01,2.000000000000000000e+01,4.000000000000000000e+00,0.000000000000000000e+00,0.000000000000000000e+00,4.000000000000000000e+00,1.037549999999999955e+03,2.640000000000000124e+00,4.000000000000000000e+00,1.000011899999999940e+02,1.679999999999999938e+00,1.570000000000000062e+00
7.013000000000000000e+03,5.300000000000000000e+01,1.000000000000000000e+01,2.000000000000000000e+01,4.000000000000000000e+00,0.000000000000000000e+00,0.000000000000000000e+00,4.000000000000000000e+00,1.037549999999999955e+03,2.640000000000000124e+00,4.000000000000000000e+00,1.000012100000000004e+02,1.679999999999999938e+00,1.570000000000000062e+00
