Ts (degC),I (a.u.),P (W),q (slm)
3.272999999999999687e+01,1.538171615441726753e+06,4.000000000000000000e+00,4.000000000000000000e+00
3.278000000000000114e+01,1.551247449360902188e+06,4.000000000000000000e+00,4.000000000000000000e+00
3.271999999999999886e+01,1.571080533073307248e+06,4.000000000000000000e+00,4.000000000000000000e+00
3.338000000000000256e+01,1.504442524821426719e+06,4.000000000000000000e+00,4.000000000000000000e+00
3.414000000000000057e+01,1.554661428665416781e+06,4.000000000000000000e+00,4.000000000000000000e+00
