t_emb (ms),Isemb (a.u.),Vp2p (V),f (kHz),q (slm),x_pos (mm),y_pos (mm),dsep (mm),T_emb (K),P_emb (W),Pset (W),duty (%),V_emb (kV),I_emb (mA)
1.044000000000000000e+03,5.500000000000000000e+01,2.999999999999999889e-02,2.000000000000000000e+01,0.000000000000000000e+00,0.000000000000000000e+00,0.000000000000000000e+00,4.000000000000000000e+00,1.037549999999999955e+03,5.000000000000000278e-02,0.000000000000000000e+00,1.000011700000000019e+02,2.999999999999999889e-02,1.429999999999999938e+00
4.003000000000000000e+03,6.900000000000000000e+01,1.000000000000000000e+01,2.000000000000000000e+01,2.000000000000000000e+00,0.000000000000000000e+00,0.000000000000000000e+00,4.000000000000000000e+00,1.037549999999999955e+03,2.620000000000000107e+00,4.000000000000000000e+00,1.000011599999999987e+02,1.649999999999999911e+00,1.590000000000000080e+00
5.038000000000000000e+03,6.800000000000000000e+01,1.000000000000000000e+01,2.000000000000000000e+01,2.000000000000000000e+00,0.000000000000000000e+00,0.000000000000000000e+00,4.000000000000000000e+00,1.037549999999999955e+03,2.600000000000000089e+00,4.000000000000000000e+00,1.000011499999999955e+02,1.669999999999999929e+00,1.560000000000000053e+00
6.051000000000000000e+03,6.900000000000000000e+01,1.000000000000000000e+01,2.000000000000000000e+01,2.000000000000000000e+00,0.000000000000000000e+00,0.000000000000000000e+00,4.000000000000000000e+00,1.037549999999999955e+03,2.649999999999999911e+00,4.000000000000000000e+00,1.000011700000000019e+02,1.659999999999999920e+00,1.590000000000000080e+00
7.038000000000000000e+03,7.000000000000000000e+01,1.000000000000000000e+01,2.000000000000000000e+01,2.000000000000000000e+00,0.000000000000000000e+00,0.000000000000000000e+00,4.000000000000000000e+00,1.037549999999999955e+03,2.629999999999999893e+00,4.000000000000000000e+00,1.000011499999999955e+02,1.649999999999999911e+00,1.590000000000000080e+00
